,A,B,C,D
2000-01-01,0.4705558000021286,0.6256953341951269,1.286224382366477,1.4567474021353688
2000-01-02,0.2738949526660742,-0.7717367422938689,1.818785813042298,2.601252075583335
2000-01-03,-1.5409998133521277,-2.094456003376551,0.7580336097259246,2.812387948565421
2000-01-04,-3.225563516562084,-2.1298248487164204,1.2779414360300672,2.6235010880726564
2000-01-05,-4.336848199465177,-2.2374298530052816,1.3712153018592064,3.035084875104253
2000-01-06,-4.8923514904659156,-3.493018236169613,1.9896771166240688,2.3195343883626363
2000-01-07,-5.553594015239517,-3.789175617669042,2.3799773193131495,3.6597813606951783
2000-01-08,-6.194572486428403,-4.319988102499164,2.3019545555289636,3.914553027928399
2000-01-09,-6.575373879910121,-5.664506020445027,3.353279907299279,4.129590167548113
2000-01-10,-7.257577192096738,-5.764717994818539,3.209594813861048,4.631956277807255
2000-01-11,-7.07255803406466,-5.600889859057528,4.141747328201529,4.304981435323967
2000-01-12,-6.820888901705028,-4.668469666921089,4.361106976905512,3.949094877344681
2000-01-13,-6.658933985310677,-4.0312534068790375,4.285517094659487,3.006490187173567
2000-01-14,-7.480814395961119,-5.308276277966897,2.626735014583974,4.197642423298952
2000-01-15,-7.520837992130043,-6.469261884238201,3.216466921497558,2.6466546868397822
2000-01-16,-6.521929062369961,-6.114178551313586,1.9041877397006242,4.096757830739442
2000-01-17,-6.81760859812732,-6.574931729328038,1.3106438048051303,3.8173466924617854
2000-01-18,-9.02702396846303,-6.071526798539763,2.6093449124871655,2.8188291877450027
2000-01-19,-8.992326202919797,-5.859110991706663,1.3249411092540757,3.005178215934025
2000-01-20,-9.529285831457942,-6.93960178613316,2.939544406405979,2.8176993067450975
2000-01-21,-8.492532623837004,-7.612393091528088,1.1127047863497264,3.244033161876142
2000-01-22,-7.584373175191812,-8.653360914210692,1.700155192844118,1.5663703033668757
2000-01-23,-8.761082959808785,-7.2948440567573645,2.0690617261623014,1.8562920942917958
2000-01-24,-9.334323103066053,-7.202069309477492,2.2942247045968527,1.5408638827377295
2000-01-25,-9.858028650602247,-8.734860330810061,1.1536607668102572,-0.6456241239832847
2000-01-26,-11.096760526477027,-8.497615404028181,-1.3442180063696527,-0.6310976097618405
2000-01-27,-13.236538323647501,-9.30179106422067,-2.1357748254592788,-2.304554683521431
2000-01-28,-14.839391430580761,-7.995597718749557,-4.147225919450166,-3.272215392854893
2000-01-29,-15.555625039992718,-7.187201933060812,-3.7457124224078657,-2.037816520095383
2000-01-30,-14.778476313557096,-5.858957254953181,-2.802393604299862,-1.8060611248994074
2000-01-31,-14.094530349534265,-5.6752467545861585,-2.881860255529874,-2.3847497999281773
2000-02-01,-13.977249610943668,-6.174105464892916,-3.324064636703632,-2.5149147096355713
2000-02-02,-15.3242529607736,-6.7962641392702805,-3.6293907655734428,-1.4651559303760364
2000-02-03,-16.760607435091693,-7.941578585441408,-4.092378199994009,-0.9160493254113623
2000-02-04,-16.118546479695052,-8.105796193277902,-4.044277569955262,0.5676030919088387
2000-02-05,-13.593738058207379,-6.956617823515882,-4.157893246958101,0.7027953579433581
2000-02-06,-14.030054029840157,-6.9410302893788,-2.06266705081298,-1.132879208237105
2000-02-07,-14.44159718994898,-6.4160520746249805,-5.506374264914097,-2.862835056368139
2000-02-08,-14.769760807007673,-5.6257069588825805,-6.622710281985898,-4.6160698115599805
2000-02-09,-15.832696150127104,-6.457252414258843,-6.349090978119742,-3.923685238055038
2000-02-10,-14.280172845869338,-6.138701671241084,-4.701847718063916,-4.9043039946055575
2000-02-11,-13.472483618042018,-2.869537352500082,-5.596200765007851,-3.338501508109479
2000-02-12,-14.696211853398209,-3.7746979381601125,-6.017686049628095,-2.359018995660736
2000-02-13,-14.516234072842746,-2.965113375088488,-7.3224606603254845,-2.3133953045608395
2000-02-14,-14.645580174226886,-4.188281020769288,-6.178006023930194,-3.4162692632057103
2000-02-15,-13.759276766153294,-3.212016196306939,-6.552174994791365,-3.729991759932099
2000-02-16,-13.242203081019426,-2.7704599553752294,-6.597911154774082,-4.656698408685929
2000-02-17,-14.702303972161877,-4.259710320521283,-5.58777164061493,-4.623086367994426
2000-02-18,-15.217256897895242,-6.193054754193586,-6.614840510166726,-3.07214850055217
2000-02-19,-15.833731370364877,-7.952991019353507,-5.942136844758329,-3.5286672850765086
2000-02-20,-16.701274804625964,-9.349506305552385,-5.041688219747608,-1.8740035418505816
2000-02-21,-17.941411895475557,-9.551686297560318,-4.941054567934863,-3.206264896609668
2000-02-22,-19.16777927134073,-10.022002782122094,-4.541380951739315,-3.2522082799440692
2000-02-23,-18.885875929359493,-10.664725260685271,-4.629790826004357,-2.9327724302594236
2000-02-24,-17.501344906496236,-11.709064168699001,-6.473156495686085,-1.147183312740489
2000-02-25,-17.368752324714798,-10.876655318591526,-8.119659271655545,-0.9159060484220146
2000-02-26,-17.089124949761384,-10.921148088024859,-8.1849230501893,-0.5073769254482224
2000-02-27,-15.938476887259812,-11.792334540345703,-8.604187637542516,-1.2900432073789267
2000-02-28,-16.864209773655322,-12.271692950674602,-8.794116343199146,-0.656848794855353
2000-02-29,-17.472416331232683,-11.161771433537535,-7.972225680881701,-0.09811992035635475
2000-03-01,-17.976936594141527,-11.866682240426055,-7.7747098397990095,1.3908420329833546
2000-03-02,-17.714309525504564,-13.421280846052086,-7.776884261838143,0.6754882453331594
2000-03-03,-17.0316809127525,-13.824730681114499,-7.085997548666103,1.3567780087825316
2000-03-04,-16.558895095890968,-13.7503108985115,-6.084411211828625,0.04850539277595156
2000-03-05,-16.978329541144017,-13.82663548701917,-7.229649331863773,0.4232096612668033
2000-03-06,-16.206189568413745,-15.472945246170863,-6.6942881695250085,0.8360054698593096
2000-03-07,-15.970858325510358,-14.659472348884696,-7.138047978540351,1.1807152167953017
2000-03-08,-16.973192097350562,-15.40067362209029,-6.675284100539044,1.009173007879279
2000-03-09,-14.380809331038012,-14.3734407966552,-5.266953504742817,-0.3083017551935019
2000-03-10,-14.930176211161967,-15.22005950139071,-5.651898450925589,-0.2795723090158392
2000-03-11,-16.61829200356135,-14.624747714015774,-4.16297883196872,-0.1339484578770135
2000-03-12,-18.419153662947124,-15.751508715068352,-3.6474404546652455,-0.6571477492342446
2000-03-13,-19.543667345577013,-15.073406364733996,-3.4903182496521783,-1.081269111615317
2000-03-14,-19.294817711612858,-15.985144424895985,-5.093939883522466,-1.6655124086222097
2000-03-15,-20.702715611688767,-14.834311436904121,-4.211817824958049,-1.2085831014382062
2000-03-16,-18.458640901070552,-13.094033709296028,-3.355011935758042,-1.4867615827536007
2000-03-17,-17.29957742404312,-14.035637678336974,-4.120223088194128,-1.9441473523208015
2000-03-18,-17.788233583065995,-14.13575255857438,-4.426503563967753,-1.471889778078313
2000-03-19,-19.484835124152763,-14.188716469412237,-4.011169765963966,-0.8572775966262051
2000-03-20,-19.87138805104934,-14.43008275701673,-3.858306627809047,0.01774055402942809
2000-03-21,-19.095814262289583,-16.971216680914416,-3.9288727481298262,0.8992012385092811
2000-03-22,-19.164419612862947,-17.35498819492564,-2.4546713077126565,0.026142823397072634
2000-03-23,-19.0920133742535,-17.74112419630416,-1.9339197598807636,0.5738494967779539
2000-03-24,-19.8564572874468,-16.27948460896313,-1.230098347983406,-0.116986578557979
2000-03-25,-20.39720894100575,-16.623696281427723,-1.718819081232373,-1.41251734070359
2000-03-26,-19.384366202883285,-16.142702834377996,-2.100298916331976,-1.7440724929728677
2000-03-27,-18.92661893074449,-17.031469415387704,-1.189702421296066,-0.464068516824492
2000-03-28,-18.336023763334794,-17.106194880343942,-1.1986088304067557,-0.0693059058722944
2000-03-29,-17.112559738834808,-16.944061973924825,-0.13307592069392826,-0.6525812717172168
2000-03-30,-18.776328310547,-14.799969861564174,-0.18151847313924924,-0.8849332216760992
2000-03-31,-19.543488766337287,-12.981584857352566,0.32850361356828034,0.2462939723339006
2000-04-01,-19.803491396398115,-12.981208796532508,-1.1865008813218643,-0.13430175048445503
2000-04-02,-18.320537169508892,-13.651295172755749,-1.2949605805716649,-0.03995364223824312
2000-04-03,-18.51370037859993,-13.074482975636574,-2.3240828226810732,1.3180131793373775
2000-04-04,-17.854366987130618,-11.780248102292873,-2.0997484211537114,1.4658318601895024
2000-04-05,-15.702418709791672,-12.291142282597301,-1.6672674082846088,2.0364228222608163
2000-04-06,-16.40175762659552,-12.92611788883642,-3.3372879572056844,3.515829133051466
2000-04-07,-16.356611061134405,-11.916626745894614,-2.8135208930929307,4.51743064338698
2000-04-08,-17.50723674559568,-12.72092595816838,-3.2244232296961046,5.14970075317504
2000-04-09,-17.305839310418285,-12.087348074434193,-3.932116051820974,7.213628464772643
2000-04-10,-20.26517193339772,-11.645597422592882,-3.9712604059751535,7.426937361092112
2000-04-11,-19.98313737759725,-11.936301271301746,-4.526565616202782,7.211361239308079
2000-04-12,-22.488137995694046,-13.064232313820089,-3.2887389649612313,7.718662714373897
2000-04-13,-22.08288503583163,-14.313128912371683,-4.009279486168703,7.375847714733742
2000-04-14,-20.640478011378246,-13.317964457463983,-5.374944271380825,7.37260278747064
2000-04-15,-20.306652713969985,-13.830350183382919,-7.518284675849229,7.035036549912367
2000-04-16,-21.79937801159119,-13.641913701305471,-7.153705611717742,7.761805750912941
2000-04-17,-20.92211452503979,-13.474574634749201,-6.765140779275731,6.439045135172018
2000-04-18,-22.62886730081927,-14.138926884284798,-6.103267354478143,6.085988315842826
2000-04-19,-23.380877811521245,-13.06927456147989,-4.584041373762922,5.454938706725067
2000-04-20,-24.898561815180845,-12.869765352700176,-5.339464912440749,4.672542074575493
2000-04-21,-22.646546133388174,-12.784234614295741,-4.480193351820509,4.551772726926271
2000-04-22,-23.862331657010554,-13.169024605626923,-4.122619543345772,4.093249231982822
2000-04-23,-24.675760206689375,-13.112488116183643,-3.8007093227069566,6.060849005916473
2000-04-24,-24.254423278325152,-13.350308010390783,-3.6381102081828347,5.527837669607298
2000-04-25,-24.5495133642714,-13.319363459277344,-2.61982144496545,6.627736817735119
2000-04-26,-23.984403782768258,-13.561387379668334,-4.498456321728663,7.751458316968653
2000-04-27,-22.07143278771149,-13.836817654366898,-3.7235595704618225,8.015064548875602
2000-04-28,-21.390324837265617,-12.812212902561157,-3.5170680523790554,8.616966035317756
2000-04-29,-20.362242285691455,-12.411763594712257,-3.5301884567222417,8.197547499644314
2000-04-30,-19.390834309499112,-13.856044158237252,-4.302500084141205,8.989684727799977
2000-05-01,-20.185890282026012,-14.214466881500053,-4.014565788189476,9.127637339095191
2000-05-02,-21.820714113835226,-14.386092251431132,-4.038490302445773,8.68226178402431
2000-05-03,-21.600801531423066,-15.559798631596932,-6.1829250614157765,7.167725715414564
2000-05-04,-22.324833103397694,-16.26641131801591,-4.120878511188604,9.461007050500145
2000-05-05,-23.16513828866798,-16.062805203327247,-7.119323757410708,10.56817310848607
2000-05-06,-23.074854686323803,-15.79546072214071,-6.655546245610755,10.125541450314293
2000-05-07,-23.41467961343863,-17.093518319172304,-7.311885433824486,10.136652784858578
2000-05-08,-25.002400420537604,-17.25484754360094,-8.824854488853184,9.756679892075821
2000-05-09,-24.146123059625772,-17.683884177504865,-9.270349079692783,9.327624805516429
2000-05-10,-23.654303203731747,-19.413989016438425,-9.341595306498142,8.928313593589845
2000-05-11,-24.268533085561696,-17.744351628220052,-9.265102871992998,7.450419144004103
2000-05-12,-24.61010419336864,-17.57826482435119,-8.087668437391244,6.942119132208393
2000-05-13,-25.004310071497354,-17.887422219951816,-8.751541261030939,5.7855120372071305
2000-05-14,-23.57442462176156,-19.325396985924602,-8.232921541824467,5.755837914603814
2000-05-15,-24.495271020914974,-19.522404435927466,-7.174970928961631,6.87519276519376
2000-05-16,-24.709228573799084,-19.599865709154294,-6.865994722511135,5.799519487392651
2000-05-17,-24.91939625028736,-19.78535136578284,-6.692405630233726,8.39301244727078
2000-05-18,-26.139590310238546,-20.288364982088986,-7.505176139300353,9.02855886899641
2000-05-19,-26.241011136438797,-18.882431645935675,-6.557883915911112,9.130673904087908
2000-05-20,-25.11206275361406,-19.852943470999794,-5.229128440962187,9.35647923800784
2000-05-21,-27.157636215807365,-20.555878127235296,-6.058771669712326,9.223663909234272
2000-05-22,-24.827756798772402,-21.08135766402929,-5.864570447796406,9.827263226098287
2000-05-23,-24.501603789020884,-23.910289925707183,-5.516368636411978,9.20495719030517
2000-05-24,-24.240980251662396,-25.174282503657686,-6.104634916806821,9.882340216396038
2000-05-25,-24.39281455851843,-25.80097836929537,-6.4228663020941426,9.177155284427103
2000-05-26,-24.468347145145707,-24.4937913701323,-7.66285443095974,9.185848114075002
2000-05-27,-25.35786540774684,-24.861627694373944,-7.148347884002883,10.595593705741804
2000-05-28,-24.954136752936265,-22.40805959355062,-7.332181173138622,10.397339836206745
2000-05-29,-26.268604587256362,-22.025147258286967,-7.962711192284158,9.469940597400742
2000-05-30,-26.12906609489122,-22.315837536602118,-6.480764513443439,12.196249639054933
2000-05-31,-26.364349488621254,-21.88118156177612,-5.694441332256093,12.997964338042625
2000-06-01,-28.808152520174108,-21.64483840594475,-6.828543581526227,12.635690115476196
2000-06-02,-28.520670280846797,-21.380255391528557,-6.207411854371448,11.558658446062932
2000-06-03,-27.633496453462463,-23.10923281459865,-5.132616408012647,11.897336807765015
2000-06-04,-29.288247202067154,-24.02675261281662,-5.768677651050057,11.775178288558902
2000-06-05,-31.572731383533306,-24.076086205417948,-4.766135394702259,12.304699303194752
2000-06-06,-31.351151386223027,-23.436082476207645,-4.461643886531732,11.479513618955341
2000-06-07,-30.60402902208935,-20.617578137475242,-3.613753424103681,12.199555756217801
2000-06-08,-31.381331978778725,-19.222973706258376,-3.7595058333499134,11.755648214845538
2000-06-09,-32.915614710015106,-19.521686186141817,-3.0255342958123315,11.462683906204308
2000-06-10,-34.215615490078704,-19.70524390840244,-2.937730862201558,11.51442862649289
2000-06-11,-33.328192590495874,-20.576860770205815,-1.8996513495655596,13.545460245778884
2000-06-12,-34.38637135654809,-20.216876509302768,-3.191329468193333,13.710013176558101
2000-06-13,-32.81837621570357,-21.719068776527312,-2.7997587843377576,14.21018479862099
2000-06-14,-33.4555097877584,-22.212036190358138,-2.223873435869855,15.340681841074751
2000-06-15,-31.91764773983287,-23.149781870771687,-2.7822646508993456,15.408439180854275
2000-06-16,-30.573869809258973,-24.750856000574707,-2.7329522306131055,16.71878051664909
2000-06-17,-29.65103558016395,-24.413462919966896,-1.1010378558069152,15.451123798745735
2000-06-18,-28.93206196205591,-24.970450256123094,-0.20734690129105027,15.372814839077185
2000-06-19,-28.385994847653755,-24.579769983176952,1.8650403937425029,17.08509982104604
2000-06-20,-28.05139653205198,-25.004647493046924,3.093100482915819,17.108308949449793
2000-06-21,-27.437262854894477,-24.24864889259898,2.9544067884832166,17.025654587003036
2000-06-22,-25.478342985617882,-24.622744130965316,0.5082358009315255,16.941081311942213
2000-06-23,-26.526913771017494,-23.80671068231263,0.3030149331678603,17.30355027856017
2000-06-24,-26.37290148759134,-24.01312023758029,-0.4324889403593193,16.531215588521505
2000-06-25,-28.705593780085078,-23.416544842785534,0.7269883912863644,17.146463652872544
2000-06-26,-28.54662849090276,-23.671319973905856,1.1177909179153571,17.176352161733103
2000-06-27,-26.952030026530316,-21.771507332964354,0.5084386612753926,16.944254488689605
2000-06-28,-24.3344193035644,-21.48316541171251,1.3427759995774085,17.405485047646472
2000-06-29,-24.74756644001037,-21.50238120510927,-0.9183484233138324,18.196016300122274
2000-06-30,-24.510216360012844,-19.95120755187132,-0.6476363716300007,19.28508628586948
2000-07-01,-24.08402154522769,-20.318811714922347,-2.374443131231758,18.474022660197427
2000-07-02,-24.207636764666688,-22.757286516444534,-2.4428167337505613,18.268861818468675
2000-07-03,-25.186764804343724,-21.816528047730127,-3.565915140599053,18.476313984880832
2000-07-04,-25.413695792860935,-19.509190914215637,-3.6486176394111887,19.277518368779386
2000-07-05,-25.730264602972202,-20.084813194009673,-2.8392820920732813,20.07794854387513
2000-07-06,-25.20148280969994,-19.621984701094675,-2.9704069508599065,19.080571188949285
2000-07-07,-26.013138789736008,-20.263811964233046,-0.7885316972007184,19.857967169122603
2000-07-08,-25.747913126414677,-20.34071743323907,-0.5598707424342505,19.74230561450737
2000-07-09,-24.047146107175948,-20.801877962318244,-1.2889019593509916,19.91364288961182
2000-07-10,-26.6439129308238,-21.185348940836196,-3.0661128093038723,18.43050837135634
2000-07-11,-24.975002375332373,-21.033649389362918,-2.448688242207406,18.427344222384985
2000-07-12,-25.11161324572307,-20.696800555024907,-2.105727654480749,18.60953528591401
2000-07-13,-22.750222997289864,-21.446214121104354,-3.6346400566473482,19.714403292924523
2000-07-14,-22.791740545042543,-21.14868912695731,-3.7022062256284185,19.266369541902126
2000-07-15,-24.165144347942107,-21.10439705685879,-4.439587916707777,19.351876840508993
2000-07-16,-24.452027063830606,-21.743497743824765,-3.9757450491769415,19.273612441826252
2000-07-17,-23.97563900390911,-23.111143892733516,-2.3911807266471152,19.26357494144485
2000-07-18,-22.954578063421486,-22.08428315230427,-2.8429544353966656,19.37116448418726
2000-07-19,-22.435852535461912,-21.690713460629443,-2.626928132493159,19.61022349081799
2000-07-20,-22.435434646961518,-22.75603959570557,-2.2375587654501734,21.479045299283996
2000-07-21,-21.464513273236484,-23.03997200629324,-2.3040403158050498,21.588720908435278
2000-07-22,-22.63220157453808,-23.06928753568335,-4.217166828089433,22.005171641081017
2000-07-23,-23.078292915420786,-23.82364661866511,-3.5712441151653427,21.95771601062086
2000-07-24,-23.154251887251416,-23.640277917755462,-1.9484684213875065,22.676476613673703
2000-07-25,-22.678932070130365,-23.736303319606158,-2.431934366131171,24.46058711335764
2000-07-26,-22.956472123643515,-25.00785941220812,-4.04732795077598,25.174459325897185
2000-07-27,-21.58793254290289,-23.398931435983894,-3.1707111725826485,24.2790457830351
2000-07-28,-21.18454262573206,-23.346049163664684,-2.333428362262829,23.955002607518697
2000-07-29,-20.725452566123977,-22.15248510657242,-2.353195047531101,24.285317651529176
2000-07-30,-20.05237034706433,-22.578068762228092,-1.1213813029307291,23.94485639807436
2000-07-31,-19.8534169069705,-22.911694284256495,-1.4088650165780203,23.803190907822085
2000-08-01,-20.759598232409246,-22.645275884923862,-2.946243525801745,23.854898760445977
2000-08-02,-22.169551957028304,-22.07437104728112,-1.947316541925717,22.95526181595081
2000-08-03,-22.824623753317198,-22.323011093478307,-2.4514056728575317,22.24953637637034
2000-08-04,-22.96508315416996,-23.840821362660222,-1.7372056143305494,22.602527522122237
2000-08-05,-23.43922665983777,-22.795167277987275,-0.7878131840624093,20.72953498731538
2000-08-06,-22.373234779666284,-22.788277695513102,-1.7163516803101486,20.48141363391763
2000-08-07,-22.79004430211093,-23.611977234121095,-0.8871909265898711,19.706923586153042
2000-08-08,-24.60683054138607,-22.66087239025882,0.7749843081877094,19.649142124068344
2000-08-09,-23.799154105163215,-23.62791491597144,0.3368684117659211,19.10562328564674
2000-08-10,-22.885696832593467,-24.864036334498614,-1.207485483130634,19.484354449079113
2000-08-11,-23.155169673634013,-26.558261960245193,-1.4058324651607745,18.943312172242585
2000-08-12,-22.26470737069788,-25.668854022536024,-1.5963581159036404,19.831469787842188
2000-08-13,-22.767850979901556,-26.94228666141352,-1.345058651067609,19.11719193652035
2000-08-14,-23.677964894677064,-26.792372980148144,-1.9647042362621607,18.46976458508715
2000-08-15,-23.824416376094053,-27.397864856762347,-1.3995270065335776,20.340309253252205
2000-08-16,-23.606268032180722,-26.38231797670099,-0.6830532509881846,21.368991127265893
2000-08-17,-23.783930348113554,-25.932072687840588,-1.1792876565500243,21.28775793102125
2000-08-18,-23.19404919918309,-24.3182522948386,-1.8270591307216058,21.392626329413996
2000-08-19,-21.983740479613832,-24.55189163975719,-2.0925655690282396,23.105007849599854
2000-08-20,-22.62241946194412,-27.22258442640375,-2.4377039126423092,22.02126957134953
2000-08-21,-22.1883338236027,-27.381208819864305,-3.7619955868169237,23.39913778518139
2000-08-22,-21.53139100151472,-25.95540564668997,-4.38996035304303,22.858953436257476
2000-08-23,-21.79808950637716,-25.613482284879442,-5.739743500973667,25.937239148922473
2000-08-24,-21.998957757035292,-24.109454903342886,-5.888765701620191,26.46779921056629
2000-08-25,-22.056180160640128,-23.568119925350892,-7.339055162531012,28.2292714822189
2000-08-26,-22.046413629139444,-24.426685084061372,-8.13166694153283,29.235759485410213
2000-08-27,-21.650128113946394,-25.756090228895914,-10.3584024448446,29.75971679409516
2000-08-28,-23.20818246555664,-26.040351738757167,-11.269917847272035,29.172742690472774
2000-08-29,-24.734727091920956,-27.012505488127424,-12.448542005894222,29.507546550402978
2000-08-30,-25.38019407455425,-27.611396908649983,-12.748809166893361,29.813307124336063
2000-08-31,-27.853146402502425,-27.69281296016815,-11.727952021744025,31.69036906719228
2000-09-01,-27.221939755290272,-27.99995311453214,-10.953031985829705,29.25422089075595
2000-09-02,-28.40039057309144,-27.616985415238233,-10.83042817526192,31.0343788054848
2000-09-03,-28.223820423636106,-27.192973318540872,-9.296249260887384,29.615363265788833
2000-09-04,-28.009125291970264,-28.829728624839362,-8.763673992636592,30.11133231670067
2000-09-05,-27.621500680204573,-28.92832212045096,-6.9056483057174605,29.84124768407748
2000-09-06,-27.309801588906566,-29.64472261601598,-7.5056304771967035,29.21217243364446
2000-09-07,-28.0939097169886,-27.422872988893474,-7.058996110520283,29.884564097978938
2000-09-08,-26.974564700139624,-27.456066608907477,-8.037815464341064,27.066513601433204
2000-09-09,-28.318856240510044,-29.25714965311119,-9.098235759488242,25.672140717717202
2000-09-10,-27.65615011702277,-29.83271480271121,-7.847576252819007,26.03472709976937
2000-09-11,-29.060934222654105,-31.22066980638339,-7.533847330455392,26.292878705206217
2000-09-12,-29.293753755449526,-31.336259709155385,-8.263099657703743,27.857945073035637
2000-09-13,-28.356360356735237,-32.75204247774963,-8.938716341579216,26.38150939247911
2000-09-14,-29.46711068443754,-31.148922079388832,-8.830193491587012,25.929671863941273
2000-09-15,-31.167044704382324,-31.992456164691582,-10.08992461338517,27.290230949955596
2000-09-16,-30.274288187006754,-32.26064579718335,-8.258410074429417,27.357266912374147
2000-09-17,-29.85275362611853,-32.34820886331174,-9.402801829406823,27.200943680588974
2000-09-18,-30.945305803689152,-31.288697365603866,-9.033622972277742,27.206468405430414
2000-09-19,-30.611561047041235,-31.604770199454023,-9.470650349058126,25.446953132756406
2000-09-20,-31.083926412653422,-32.519386983195076,-8.080918836889195,24.892892048832472
2000-09-21,-30.45060921507448,-30.75052368651314,-8.78568562024912,24.311054879332552
2000-09-22,-30.722797399712565,-30.528380003493606,-7.573162564345518,24.829974200141923
2000-09-23,-30.77348827132207,-30.02004174040756,-10.070356473161375,25.9072247903803
2000-09-24,-29.806926905950082,-30.370078157478318,-9.292786466528133,25.648424685255616
2000-09-25,-29.7762525192929,-29.415790978044214,-8.522317028394198,26.260053714885046
2000-09-26,-28.48220316516255,-29.53008150124,-7.451834187262569,27.12690793312889
2000-09-27,-28.95781540493771,-29.537586311910893,-8.232933646424708,26.019852127158124
2000-09-28,-28.938746350804998,-30.376786623787602,-9.072093838616983,26.06161665792106
2000-09-29,-28.463937097239228,-30.75493138626269,-8.909386231063985,24.987717891807687
2000-09-30,-27.362417692039468,-30.994985301269587,-9.670178217053127,24.602066193757107
2000-10-01,-29.23647344549075,-31.384063540269974,-8.888761640007585,25.207583771420698
2000-10-02,-28.731389994487827,-31.688255902903624,-8.862655840467841,24.886897599457683
2000-10-03,-30.256004605140802,-31.430695095801855,-6.761566197385093,25.8274702492479
2000-10-04,-30.112374782376232,-29.883512832284985,-6.99712686749055,26.079443821984324
2000-10-05,-30.617343925301522,-30.938880959385592,-5.5697696994988135,24.754980277654155
2000-10-06,-30.50486785039479,-29.502471417751174,-6.381520621264179,23.937187573752645
2000-10-07,-30.633334441732984,-29.020234950356503,-6.785869151799633,25.553092007828415
2000-10-08,-30.121285833618376,-28.587057817541762,-6.358757061314982,24.371448812809355
2000-10-09,-29.482793496412285,-28.49758265705415,-6.88545213014088,22.890592758321546
2000-10-10,-29.700745707260328,-30.40731907795346,-6.754272915994573,21.67139213761158
2000-10-11,-28.397308172323903,-29.734527323436204,-6.568234477366483,20.820789283224276
2000-10-12,-28.831968645482014,-29.34325665962707,-4.6588337205970225,21.219140152042574
2000-10-13,-30.172699371787495,-29.079472344900566,-4.130874648023465,21.43831244507694
2000-10-14,-29.96343009282719,-28.856544710341037,-3.22678047196255,20.913484732030536
2000-10-15,-29.041217349405652,-30.145628202138102,-4.19361919702245,20.674376200089743
2000-10-16,-30.276671608643937,-30.085496953168267,-3.726082599266764,20.801900605172932
2000-10-17,-31.098519557425757,-28.84853528944054,-3.884822204110553,18.84228710847599
2000-10-18,-32.48966671275334,-26.74033321004735,-2.52902784867677,19.093013988644174
2000-10-19,-34.52418995417286,-27.179793432655618,-1.844056328996519,19.97139191974385
2000-10-20,-34.50334071174971,-26.02306756712453,-1.494743266134076,19.51369152353475
2000-10-21,-34.68609748531335,-26.48729867508339,-2.2126689126480223,21.530726919928757
2000-10-22,-34.16256098599599,-26.31048000476404,-1.9647947445767688,21.78501957013395
2000-10-23,-33.339290837178865,-27.146125991691818,-2.8002013192294175,20.267614968351744
2000-10-24,-33.46895344786313,-27.746253438314202,-1.700214050244404,19.971519602942756
2000-10-25,-34.72228160897383,-26.91691315651899,-1.3213369417316672,19.420931920058642
2000-10-26,-33.679603523526005,-27.59893551913883,-1.5589504954322166,20.960931841185452
2000-10-27,-32.21223875579381,-25.603434187320136,-0.16733565333787337,20.901562579036277
2000-10-28,-33.15818881196378,-24.01528228572242,0.8988856149457187,21.974554150820456
2000-10-29,-33.39172920025065,-24.064080290148812,1.1764053700423316,22.26795252726725
2000-10-30,-33.21517825117828,-22.81390256725048,1.3884900065630124,24.39752469224159
2000-10-31,-30.310812527405044,-21.716848722747244,0.7121277944624169,24.46673720143776
2000-11-01,-30.694675503242028,-21.532492719139974,0.9060580527431131,24.45097461534293
2000-11-02,-31.313263270610623,-22.769510999531217,-1.1314746429126235,21.92361086189776
2000-11-03,-32.54439032752755,-22.544668470440815,0.30061515251510906,22.103005237875777
2000-11-04,-31.525005450967942,-21.889887395611392,-1.0555556922530773,20.352095978866366
2000-11-05,-31.064444475571314,-23.939977900145877,-0.7675309285335873,21.454312467456838
2000-11-06,-31.864674384078647,-23.814252488932183,0.1898103255989051,22.47110256401003
2000-11-07,-33.62569881447897,-23.412546943209254,0.6648877963425615,21.145232830801273
2000-11-08,-34.445084208949915,-21.85639608915549,0.4521373407061664,22.202701982011295
2000-11-09,-34.58161187801684,-22.20622103540267,0.27467339948163677,21.649876918564956
2000-11-10,-34.87796159024135,-22.111101438306232,1.2270830840187332,22.383666911010526
2000-11-11,-33.309134679243584,-21.312051934164394,2.546871655300203,20.77149004495724
2000-11-12,-35.13123841039357,-21.15925780043654,3.133553374772676,21.19992236089049
2000-11-13,-35.573832054452375,-20.781155765853548,3.467867299074826,22.124022284863972
2000-11-14,-35.96759621031119,-18.81288274352517,4.210061735512677,23.61723026720996
2000-11-15,-35.82398415489841,-18.44906256105363,5.638298430430709,24.168600104118298
2000-11-16,-37.5130455735009,-17.860374075572036,6.95248894841091,22.929805595077614
2000-11-17,-36.97327036153292,-17.170265500334025,9.817302652131568,25.267669945971438
2000-11-18,-37.934308136190246,-17.376756581368717,9.138831629379542,24.034682045724427
2000-11-19,-37.37154904246308,-16.974808485781274,9.785771557431001,24.845524212769217
2000-11-20,-36.7152717751256,-18.97096960969034,10.196135302806997,24.951683391454093
2000-11-21,-38.03578187993431,-18.301725484768873,10.636713020692381,23.379557641466615
2000-11-22,-36.15661423562198,-18.224571383095522,9.607648824591772,24.755372376918285
2000-11-23,-35.888022507250405,-19.003617643506846,10.028040981401515,24.223532837268127
2000-11-24,-36.50741028698207,-19.481061186574976,10.242720070489368,23.41612024013168
2000-11-25,-37.09700312592204,-20.172571988853704,8.206308340211953,22.362382035082106
2000-11-26,-37.338000029156305,-20.731346486684078,8.148485337517128,21.701208205473257
2000-11-27,-38.79893151857864,-20.452146461026125,9.063421507305915,22.29549482208588
2000-11-28,-41.01247284146637,-20.34447966081933,8.883251229982895,20.984078967184026
2000-11-29,-41.95711356976439,-20.6217399020943,6.87932882446222,20.356225465820827
2000-11-30,-42.92673062304431,-20.45169022156932,5.83783893794786,18.740499207944566
2000-12-01,-44.11892550195458,-19.914906495663352,6.512093654053574,19.015607862067352
2000-12-02,-46.05622642227714,-20.097017146401353,6.85047028043064,18.85145650824645
2000-12-03,-44.44992474351787,-21.226245942804173,6.16957728706214,20.01377180258281
2000-12-04,-44.87069334592418,-19.75515257152793,6.437690448382215,22.00533071717843
2000-12-05,-45.248932661040726,-19.348819048955836,5.987707436157678,22.809743341986774
2000-12-06,-44.63791879238617,-19.732353460509295,4.403131579830564,22.36413168657421
2000-12-07,-43.017291792044226,-20.85055634174644,3.9600458982998537,22.23507723393579
2000-12-08,-42.16156860631731,-21.260020232119004,4.799465931404228,23.486282783762146
2000-12-09,-41.44955679708727,-20.3241515515457,3.2132424369310733,24.250398118442224
2000-12-10,-41.51937751317384,-20.24214993488842,1.6884868299097993,23.565839430347836
2000-12-11,-41.271072227397674,-21.133101909834814,-0.0708911521012412,24.211966057690503
2000-12-12,-40.121523283582114,-20.025377682645406,0.3164898922123202,24.60319801401717
2000-12-13,-41.30780241328269,-20.073706379717215,0.5541996450770994,23.51378987919248
2000-12-14,-42.36270203955465,-18.74938860880722,-0.00527016798682145,24.675528414768305
2000-12-15,-42.14444969691879,-19.952355745308125,2.5762750814962283,24.42372307331992
2000-12-16,-43.507717763740686,-19.360063496358425,1.974875885849329,25.605011097593554
2000-12-17,-44.69218994223891,-19.418647149020547,1.2475590707025401,26.204614488182916
2000-12-18,-45.07981722715003,-20.431136023615498,0.6518373866905081,25.899623586942617
2000-12-19,-44.64491961173023,-19.898163936796266,0.33411735689454836,25.950823654514448
2000-12-20,-45.186063798904605,-19.535693987346026,0.3045680251820083,26.459374869725316
2000-12-21,-45.52413975573166,-19.958192254799727,1.2872426221727238,26.031398292844173
2000-12-22,-45.340422715023806,-19.041075217450526,0.7769689232506287,26.85476116691265
2000-12-23,-46.407292275342364,-21.94173936197829,1.0287984285644676,28.812880769079793
2000-12-24,-44.70590010487702,-23.547298049998787,1.8065628516863983,28.674588403756317
2000-12-25,-45.13473763983159,-24.23529456101469,0.39499019941609315,27.91650787326811
2000-12-26,-45.94486539938513,-25.430059939674802,0.06397761808220465,27.324598571633068
2000-12-27,-46.98360163843361,-24.358799356003853,-0.35104206862562004,27.940452008499086
2000-12-28,-44.98073932291576,-25.524941768430615,-0.3858018324578149,27.65423010713877
2000-12-29,-43.90474064442597,-26.15422384539473,-1.3039468313460238,27.136313102839345
2000-12-30,-45.41925608428209,-26.503319230663816,-1.1746501592302476,27.793186125625898
2000-12-31,-45.99086911775845,-27.72137840937032,0.4301014111747139,25.683135281022913
2001-01-01,-45.13258951982877,-28.08779293139793,-0.5420206849740422,27.29304037141328
2001-01-02,-44.710330062920384,-27.691862358356722,-1.290925354328667,28.532537311689328
2001-01-03,-46.3274886159736,-27.46343097232161,-2.173405900537251,28.35530791422399
2001-01-04,-46.20734636939909,-26.635120391698308,-2.6403388011407016,26.851049943354674
2001-01-05,-46.112956425646004,-25.593850607903047,-2.882389373171774,27.725774080534713
2001-01-06,-45.69820463374375,-25.223184318069904,-1.7971170694005931,28.119173206317985
2001-01-07,-44.87115214582965,-24.336278556708773,-1.4115191784686434,29.566872974711274
2001-01-08,-45.78415223659454,-25.89374010091274,-0.5495939780349625,30.548430340676177
2001-01-09,-45.64305555125902,-26.568156273122167,-0.09985891686954274,31.12081721689362
2001-01-10,-45.011327979191606,-26.27919249870069,-0.618571029904258,30.904544917549742
2001-01-11,-43.5528619513845,-28.02934538086823,-0.6166538389721232,31.343016741933216
2001-01-12,-43.052181821379605,-27.73766687637727,0.7354928488560648,30.642980901872658
2001-01-13,-43.37257849080636,-28.127545149265952,-0.17954999456949972,29.63167326790951
2001-01-14,-42.04470706240615,-26.961255252482694,0.016578469812023627,31.937916377364147
2001-01-15,-41.586592618680356,-26.515638757663453,1.3400566033107708,33.28286226300271
2001-01-16,-41.025621935377416,-26.095542790474887,0.7169760344439086,32.57871072791423
2001-01-17,-41.077928742056066,-25.41752356792232,-0.8678476390588766,33.76851451374565
2001-01-18,-39.2584754120811,-25.922335622865972,-0.4211042145529105,33.218766245206645
2001-01-19,-38.32690416711938,-26.52359463549522,-0.7174356207158281,32.09854267544863
2001-01-20,-38.69187249696946,-27.011907201642277,-1.889659052610038,32.33977341521197
2001-01-21,-39.056859994302386,-25.017567509025316,-2.7504644899363626,33.516309495513774
2001-01-22,-39.56626334430759,-24.498515859662906,-3.0473877232831987,32.50972726326228
2001-01-23,-39.196302735825924,-24.86663952486272,-2.813998666194521,31.807853178901212
2001-01-24,-37.44067079567662,-25.15772188571327,-2.6583666858843857,31.42092253107265
2001-01-25,-38.42337063129773,-25.333242571605275,-2.075787433607859,31.18821142379587
2001-01-26,-36.60101884300687,-26.209467361122964,-1.5716643801188033,30.9326185603591
2001-01-27,-36.376356206660525,-25.644634121282248,-0.21733976590927329,32.249576662837484
2001-01-28,-36.69997813135339,-26.596404140067126,0.5835542007370753,31.867553782318456
2001-01-29,-36.758781566732466,-27.575117965292105,0.19764065204409254,32.3898014598588
2001-01-30,-36.720418315503736,-26.5015808841055,0.2935813320880818,32.65393932697777
2001-01-31,-37.519128733948705,-28.2839414412858,0.7673077796154966,34.405490330539685
2001-02-01,-38.12871283421777,-28.461935174522168,1.6185621106243313,35.27699082627338
2001-02-02,-38.46353699926006,-30.016690817217675,2.835381381364125,36.008190621180624
2001-02-03,-38.23097474245237,-29.790506500144893,3.027477160899241,37.71261217484044
2001-02-04,-38.460436555340024,-31.183744512380496,3.3343020737190514,36.61394063540387
2001-02-05,-39.552706355290425,-31.068389208634873,4.128627735549179,35.89675870617364
2001-02-06,-37.95565356979518,-29.886036243712837,4.39336736283758,35.0799291291104
2001-02-07,-37.99521854440497,-30.340174631628678,5.119889401000571,36.3878894926113
2001-02-08,-37.548479315254255,-28.632989371055928,4.225637696574675,36.77256985375013
2001-02-09,-38.14597695105001,-28.760510675573126,3.931454230123322,38.34897552493321
2001-02-10,-37.701855529153896,-26.356043881100184,3.8191808308633504,39.26503746622545
2001-02-11,-38.3667371225485,-27.742717941234293,2.8372074789849244,39.60188787322604
2001-02-12,-38.029326560987066,-27.853322683180043,3.283152363792134,40.06050442323806
2001-02-13,-38.26102637382898,-28.78527501684169,3.695807006139114,39.48346270944995
2001-02-14,-39.133005435113425,-27.70174242817126,3.4893223989218325,40.22521175623794
2001-02-15,-39.7093378011266,-27.251883619276526,2.813813183454326,40.54936174894105
2001-02-16,-38.8492485323636,-27.267465877608938,2.281494363795779,41.16088736208485
2001-02-17,-38.80559554710016,-26.875131024856678,1.084753152704886,41.78469871733982
2001-02-18,-39.774637128342185,-26.955850396519832,-0.622713297467101,41.4570847542462
2001-02-19,-38.17201782981225,-26.82015701880502,-1.5145707896462623,41.27663036869054
2001-02-20,-37.1075180417218,-26.94139721104337,-1.8775558008537343,39.997995052838014
2001-02-21,-39.15467017444805,-26.69743208723472,-1.1915788094802275,37.83455532365013
2001-02-22,-40.54073177586677,-27.316766949861734,-1.2546117808130917,37.77515696836318
2001-02-23,-38.68809132742267,-26.19425945004216,-1.0519230732675393,37.98258555257603
2001-02-24,-39.681965505351265,-26.284786823693484,-1.0994674808276215,37.906048640055
2001-02-25,-38.50609677046227,-25.65272391717313,0.007410839792149959,36.9579270773872
2001-02-26,-38.4500855899163,-26.657665635242683,0.6232772145728794,36.1691087781089
2001-02-27,-39.45273837265586,-25.800391373929028,-0.036482820905073376,35.349571095872925
2001-02-28,-38.46434359474623,-25.983936424586393,-1.0186624873044174,36.525919600487846
2001-03-01,-38.39336687094668,-26.779460319796044,0.21677942734313782,35.92942979383677
2001-03-02,-39.77775211391666,-28.379785857450113,0.5809337520405254,36.7033826254023
2001-03-03,-40.51113763739887,-28.562193606324737,-0.5168535016735633,34.779890038382845
2001-03-04,-40.68548395705627,-29.490064469429136,0.030171979395459902,36.0213834854875
2001-03-05,-39.90714602816081,-27.631204123033637,-0.2817896416092267,35.84512379528459
2001-03-06,-40.69658803283003,-28.45687980594572,0.6877728811006942,36.7576801543013
2001-03-07,-39.86517696752777,-27.505969205063337,0.7430166222556047,37.07839188274468
2001-03-08,-38.96159224148141,-27.802428953200263,0.2269165255304737,39.2542957484245
2001-03-09,-38.49707279553697,-28.098652026199126,0.303762331978648,37.686368954565864
2001-03-10,-37.71632890409034,-28.661582635394666,-0.19232091644017785,39.34163091020581
2001-03-11,-37.52436803796365,-28.03125010569923,-0.46886658288478916,41.69667350714491
2001-03-12,-37.62193049813485,-26.575103833386507,0.20794607340712473,42.4969468412717
2001-03-13,-38.90184268099659,-25.39662670962019,1.0797206222348672,42.45710814587019
2001-03-14,-37.20005686225967,-25.09209107374816,0.2972559596210883,42.71542200362363
2001-03-15,-36.69501588060281,-24.473200347357558,2.2023084007874187,41.29320898472844
2001-03-16,-36.160120358983306,-23.332057823458715,3.764602384833652,43.802629278559834
2001-03-17,-37.20985370793331,-21.901628287606822,2.3976755940807584,43.625388522964435
2001-03-18,-37.046208753778615,-20.79347129214264,1.8507377416940065,43.22180471510359
2001-03-19,-36.00128139238369,-20.658668691616384,2.7885670276554166,43.5005668819213
2001-03-20,-36.95234347309509,-19.020067849241645,2.0932647390000767,42.59371513085959
2001-03-21,-35.25917860181611,-21.09916721207255,2.7789345396608502,42.78762122287096
2001-03-22,-35.34373931220937,-23.033023902572445,2.4079292399618564,42.91627981882175
2001-03-23,-35.02228514520715,-23.26542603182571,1.4903335284732286,43.44424660187012
2001-03-24,-34.393090197566146,-22.270041118226484,1.1085123574263605,43.341737424226515
2001-03-25,-33.11140570446061,-21.432761460084357,1.380660845807713,43.77147026698877
2001-03-26,-32.29848082495759,-19.887320220988308,3.95391754432612,42.657930468182094
2001-03-27,-31.13015162046778,-20.66922444462462,3.100616833441798,42.46521717914475
2001-03-28,-31.338012678058714,-20.045473788178995,2.01580788784368,43.089287231650694
2001-03-29,-32.105329838902975,-19.989355819896613,0.8179034267823069,43.216607032415375
2001-03-30,-31.864912201260488,-19.403996652620926,1.1535914245431114,42.86061632722704
2001-03-31,-33.05591011854417,-21.0301913268805,0.4080024187803869,39.63044579115423
2001-04-01,-33.992031416228855,-22.376522552781754,0.38044235382258074,39.91291070482551
2001-04-02,-35.01480563497297,-21.836171555048313,0.21292692402906366,38.937755575570456
2001-04-03,-36.37928794136266,-20.82083363976443,1.0747731720040046,40.62885116506648
2001-04-04,-36.208396230145496,-20.33516253143937,-0.5374046229804064,40.8929876123741
2001-04-05,-35.08915460225787,-21.211519136597207,-0.7115842964283761,40.7766482822705
2001-04-06,-35.78151872596765,-21.921936865839932,0.16066358424690252,41.20169713465761
2001-04-07,-36.56183448361663,-21.38916030374529,0.288467656482433,38.92856045299313
2001-04-08,-37.135906023409035,-21.180337541025295,-0.9143932886918827,39.00905942367334
2001-04-09,-36.924719662660415,-20.916407169928537,-0.8066964522328669,39.09583667493273
2001-04-10,-37.22592541274921,-21.01538372842623,-1.9357850695804086,38.60012940133618
2001-04-11,-38.664869323186615,-20.897714850736115,-1.929587031454594,39.195761312287615
2001-04-12,-37.5295598378677,-21.51549140352779,-3.0829252560917713,38.814780309007006
2001-04-13,-39.057983889351945,-19.726780737840883,-4.105289855742985,39.47868864771888
2001-04-14,-39.560765889032794,-20.550699386067038,-4.558297535086909,38.52139749474715
2001-04-15,-38.38669444704262,-20.887756008208928,-4.619844072918372,38.8233210322931
2001-04-16,-36.77844381094452,-21.44259416168388,-3.348097909909953,38.546048869498016
2001-04-17,-36.93886760016545,-21.192706837214555,-3.831142627463424,38.62290845706908
2001-04-18,-36.719211200477545,-21.52432997737929,-2.761448742265369,38.1341677380175
2001-04-19,-37.406073810332444,-21.45932720214388,-2.9865780057429343,37.67087134318905
2001-04-20,-34.438934768582605,-22.490524724700872,-2.943314768762561,37.19141425635206
2001-04-21,-34.255045390436145,-21.35471062836663,-3.2559118841004313,37.28989347468463
2001-04-22,-33.99806413252364,-21.09734091351218,-2.1604630734685086,35.12612748075965
2001-04-23,-34.867783991915644,-19.820161630020706,-2.361179294755901,35.529164478980384
2001-04-24,-38.63106357107888,-17.961747777681147,-1.3487712237718166,35.341441366818366
2001-04-25,-37.47848587307729,-18.72416117541432,-1.9737573049558144,34.438360028976184
2001-04-26,-36.25962292573392,-17.736402329268742,-4.181331541523415,34.546592021503685
2001-04-27,-37.11476253043947,-18.26029375450836,-2.509816255262896,32.25963868391365
2001-04-28,-35.7090807166844,-17.655181138143803,-2.7564762620532313,33.5946831641263
2001-04-29,-36.83692757730393,-19.23241500608806,-3.6006288515366203,34.34382786832531
2001-04-30,-36.680731937407366,-18.926084308213454,-3.824251498555245,36.5863671055133
2001-05-01,-36.58662193384482,-18.515425747154772,-3.82110236962106,38.133589445598936
2001-05-02,-36.048459381939985,-20.68795569852102,-4.7290241159282775,36.7158090122276
2001-05-03,-34.673800354551624,-19.935078364865532,-4.562001485960638,37.218295211535214
2001-05-04,-35.38933907254214,-19.386719051065416,-4.060399352780924,38.03301702497049
2001-05-05,-34.65425895191903,-17.15330987672677,-3.9915611683411236,35.87499561846386
2001-05-06,-35.898631322493735,-17.02526783492424,-3.6601008371875614,35.03318127699441
2001-05-07,-36.291268149363354,-16.95635642962366,-2.620448033753753,34.485777522693915
2001-05-08,-36.14329949931519,-18.64521050766963,-2.0291084226305287,34.86852039998082
2001-05-09,-34.72302866482365,-17.64924289759808,-2.746732019814086,34.53862601275953
2001-05-10,-36.591284049525974,-18.83804970062268,-1.6615996786209273,33.460511052937484
2001-05-11,-36.95879698191747,-17.599523879001286,0.1569478137311633,33.642494399013714
2001-05-12,-36.79635107045603,-18.155762492990906,-0.18471088060612634,33.65570991995707
2001-05-13,-37.41625141033481,-18.221627282241105,-1.1499811981930164,34.259903543198256
2001-05-14,-35.977632716525704,-17.658400362948562,-2.368265485321974,34.680099835030276
2001-05-15,-33.91823922098612,-18.686263735522232,-2.0724301052203002,33.21867262451802
2001-05-16,-34.266345270581866,-19.09073089298382,-1.1282535394846198,33.13537967145444
2001-05-17,-33.54108380257556,-20.40802700851038,-2.5768004192418945,33.03956176036701
2001-05-18,-35.303756357560786,-21.460796603680297,-2.1846200662361124,33.47552631683673
2001-05-19,-34.985023332396665,-21.33059784873184,-1.205986189357445,33.48212861906939
2001-05-20,-36.5520136748898,-20.028344163013426,-1.5883445182737639,33.708258826501726
2001-05-21,-37.21741078605894,-19.483414044276596,-1.4090908104419344,34.227035267531335
2001-05-22,-36.56870573779832,-18.57045299789624,-0.9988184045298159,35.27657118620671
2001-05-23,-38.230544061473786,-17.61002787334051,-1.8573523922126485,35.78145994860409
2001-05-24,-38.13638678392309,-19.0680766743373,-2.1815284087144455,36.52995988979131
2001-05-25,-37.84858004619967,-19.904660839508125,-3.192417927675428,37.46385565439671
2001-05-26,-38.05348286707555,-19.615312924062362,-3.158678645379603,37.88269386085458
2001-05-27,-36.34731128622153,-18.976030687171498,-4.603093246492467,38.00525194875664
2001-05-28,-34.94585969389621,-20.095766394034804,-2.920503709607615,37.02746516816675
2001-05-29,-33.58273611165255,-19.722154210141785,-3.2611218284818286,37.41448540292719
2001-05-30,-32.3727720688207,-19.42376865216973,-4.080320677268013,37.622300529398494
2001-05-31,-31.384007334206643,-20.017942721156256,-2.550433937313122,36.60768184637628
2001-06-01,-31.61110035560057,-18.931122795587076,-1.1571177826648467,34.683449085936104
2001-06-02,-32.52804427249068,-20.528501701695816,-0.4573691279799018,33.39846698518412
2001-06-03,-32.77573865640931,-19.47086813892097,-0.6082946825426553,34.24723179596407
2001-06-04,-32.04549166718465,-19.594410853822993,-0.5730627115229108,34.68960886314448
2001-06-05,-32.84952755595706,-19.619947989993246,-1.8085829123347152,35.58863289291366
2001-06-06,-31.82929925058416,-19.99107076414544,-0.21170767200035123,35.60512743162886
2001-06-07,-31.45129018036297,-20.14842051715377,-0.8695177850406477,36.68692794583774
2001-06-08,-30.51407320722421,-19.331258661774857,-3.1456234381258983,37.277723442850174
2001-06-09,-30.753900007278112,-18.935908175172386,-1.8852254516210827,37.54090377654306
2001-06-10,-30.153578643391185,-18.33114405379259,-2.0966563592352685,36.06768485153078
2001-06-11,-30.69092692689285,-17.90308711603934,-1.356260324566588,36.10577359867442
2001-06-12,-30.224928119746718,-18.326892655841867,-2.877498667758248,35.88655834128367
2001-06-13,-30.65207232307899,-17.17742964420643,-2.2034021679720213,36.8565894536528
2001-06-14,-30.541855743488526,-17.18858675031649,-1.3407379814134872,35.47610060955853
2001-06-15,-30.431446648007213,-16.897589458924514,-2.414113321821392,35.25779381758286
2001-06-16,-32.324211361078916,-16.598726925841564,-1.0165940924525227,36.51467723797491
2001-06-17,-30.845815733595558,-17.1191770608201,-0.7587405430998655,37.304519803070704
2001-06-18,-30.755067247836283,-17.86642243083785,-0.2758906562611473,37.263846440160556
2001-06-19,-31.52516717866395,-18.88273120888111,-0.08894710635811198,38.83736435806632
2001-06-20,-31.720886199258164,-18.297557999714822,0.5359862454973681,39.39262785022334
2001-06-21,-32.55576637495943,-17.96650998931151,0.9586136112178418,38.61719859188236
2001-06-22,-33.95536024303255,-17.87139402094187,-0.40290514822707046,38.76258117900134
2001-06-23,-33.01890756363274,-18.328193284893267,0.7680579259179352,38.43021187487832
2001-06-24,-32.950149519389235,-20.72498890057802,0.7093760092363403,38.430844711195945
2001-06-25,-31.73324318270355,-20.822076740959258,-0.40641867970032564,37.649034469901565
2001-06-26,-31.598371031414022,-20.141670686525956,-0.5383154093431507,37.670176970619075
2001-06-27,-32.12151449188986,-20.65564841468132,-1.126258765456564,36.79963078850712
2001-06-28,-32.988639903578374,-20.87368040299244,-1.0583921995653736,36.49782809990861
2001-06-29,-33.019738856113065,-21.19268654170339,-1.9781044099119445,36.321925785176624
2001-06-30,-31.722396377607147,-19.488699624932153,-2.5270287556803765,36.656983609715674
2001-07-01,-32.73577922568593,-19.95110949844971,-3.9312652852563508,38.26251593532864
2001-07-02,-32.774699668515225,-20.917373229212718,-3.7931494192821593,37.9569563049986
2001-07-03,-33.401428043890135,-21.736403637423955,-4.426417915915219,36.74850114792322
2001-07-04,-34.19037766976089,-22.89788560595394,-4.014561372858134,35.097255948682665
2001-07-05,-33.91548728621949,-21.547460034802057,-3.868099553529076,35.371838753469
2001-07-06,-32.76681316313808,-20.40798872854065,-3.164674416876438,37.34960516610986
2001-07-07,-32.615615265776924,-21.78036535636169,-2.532222482533006,37.93106125219576
2001-07-08,-32.80034203196544,-22.807942809811667,-0.8511740181837211,38.31677662499169
2001-07-09,-34.53090084367661,-23.82736842395613,-0.6678383313247066,38.0914517583535
2001-07-10,-35.88154194392263,-23.300915233789762,-2.4039256865381864,36.325657082374455
2001-07-11,-36.97463819335274,-24.981103227868285,-2.399725590709388,36.194539213352904
2001-07-12,-36.865049247271706,-23.8169497896817,-2.325198306145107,36.661248099839604
2001-07-13,-35.51982376399145,-23.783803458817086,-2.3763679900823025,37.05718548227569
2001-07-14,-35.25435485933137,-22.815978784780114,-3.879889661971533,36.05546870974756
2001-07-15,-35.114460326362824,-23.151861291039378,-5.218659178818707,36.21103383622709
2001-07-16,-34.503975740502305,-22.271985642848996,-5.943214209329642,37.80172038636549
2001-07-17,-34.629884620253215,-21.465739606859245,-8.856247716332959,37.908919665084554
2001-07-18,-33.93783840008194,-18.338182804414178,-9.192285919401431,38.28637182700091
2001-07-19,-34.12813750328446,-19.168296239284143,-10.155162452008394,36.96633920863693
2001-07-20,-33.584524660931066,-18.58363553035422,-9.691068894978335,37.64158709286435
2001-07-21,-35.67881346150616,-16.949368184285103,-10.614306587400865,40.07135647608229
2001-07-22,-36.8006606805609,-16.90008690030057,-10.900908642903126,37.74639754034222
2001-07-23,-35.72589318447987,-15.754215846158251,-11.519834284580929,38.64289300833023
2001-07-24,-36.18323400314865,-16.39953787771642,-10.041905297704112,39.02142929096279
2001-07-25,-35.11967957866728,-16.506149610661886,-10.065000808395336,37.79294037881837
2001-07-26,-36.64289545014255,-17.579839895303227,-10.977413706720373,37.70003871853345
2001-07-27,-37.35304275564123,-18.289063125867635,-10.211175477367245,37.29443750309062
2001-07-28,-37.03078778456109,-19.200452474229987,-10.564566052968038,37.82017122615384
2001-07-29,-35.700087197615424,-18.034588957222905,-11.107349206644129,38.87456508248893
2001-07-30,-36.91526890761037,-18.23248383490739,-11.694812716646474,37.33182971789458
2001-07-31,-35.22986877132709,-15.829746962227679,-10.84692275003049,37.54021339189157
2001-08-01,-36.60210790039976,-16.55210566409329,-10.569430950629302,36.01047383843769
2001-08-02,-35.773509121058005,-18.29222388423772,-8.934646846309844,34.51206905999712
2001-08-03,-33.94247080814489,-17.84547314835385,-9.36849450040382,33.85474526860583
2001-08-04,-35.06288487710927,-17.71279274318889,-9.351548699152046,34.33205344292794
2001-08-05,-37.3801026617425,-16.852709078276394,-9.225773480792624,34.61686067917179
2001-08-06,-37.3353119498302,-15.95049295865012,-8.319330377752948,35.52340221878171
2001-08-07,-37.46540269969407,-14.770355270287743,-7.415352363661886,36.589353506596
2001-08-08,-36.96014331556687,-15.005811574718262,-7.6572823842023645,36.319330255560615
2001-08-09,-35.59627052228787,-16.387015809987503,-7.197770743643107,36.746154761820364
2001-08-10,-36.98914922560669,-15.48791572556863,-7.155262548699188,37.57570815372067
2001-08-11,-37.12148772362912,-17.912906309034632,-7.883293743973029,38.08370128653022
2001-08-12,-35.79725850548174,-19.77935073468101,-6.872567375209943,38.03539057983565
2001-08-13,-36.77711926293369,-20.12742260442573,-7.089169951172862,39.80759200086588
2001-08-14,-36.40750067604817,-18.53689347880861,-7.964287207160368,38.19514040042648
2001-08-15,-36.97590408236462,-19.317947431968093,-8.362747640858393,38.049939250173715
2001-08-16,-36.68333185324984,-21.2316312243899,-9.773760524625787,40.81120228808691
2001-08-17,-36.554834207757104,-19.375575779143233,-8.975703051047693,41.18991871561806
2001-08-18,-36.73127197846586,-19.102111286045822,-8.292104679952544,40.53533204170689
2001-08-19,-36.01323786162505,-19.947153367731733,-7.097289906618542,39.56754240279416
2001-08-20,-35.31677311696749,-19.427910153171673,-8.579028329620924,38.72538019766794
2001-08-21,-34.97393024073199,-21.401831435899304,-7.77955311721071,38.35614413016997
2001-08-22,-33.915245845682534,-22.514529830775004,-8.714135422368456,39.649776543105965
2001-08-23,-34.40137028300038,-21.450715717645487,-8.303133962989492,39.74177026062044
2001-08-24,-35.17724407639694,-22.34996813920045,-9.56031342950734,39.112895400069405
2001-08-25,-37.173856654613445,-21.83725499632093,-8.515505659644706,39.55377629195772
2001-08-26,-37.60407686363586,-22.58428414671498,-7.174197895705531,39.4722692872301
2001-08-27,-36.868593658170965,-23.478030630039793,-7.44344881838666,38.95030602710456
2001-08-28,-37.22662185699357,-22.480980741895966,-7.470867238671322,38.79093933395589
2001-08-29,-37.32325238912071,-21.28802824752305,-7.609430340885879,37.31073932196389
2001-08-30,-35.65845959900241,-21.66267707957963,-8.09677044035808,37.79780787695734
2001-08-31,-36.3637170490026,-21.746693044331046,-8.665715139691468,36.77498810668537
2001-09-01,-36.006991683476585,-23.368882364049686,-8.157337575011251,37.604676642017296
2001-09-02,-35.28335081900959,-24.510044328069316,-7.8559304123516185,38.159359064528175
2001-09-03,-33.050179722984105,-25.28999145422219,-8.358139864177476,38.77634400725708
2001-09-04,-30.138912124253288,-24.07835139459571,-9.496829336040154,39.63528239039218
2001-09-05,-29.723605734910013,-22.29112879515738,-10.602848617588496,40.28179353580593
2001-09-06,-28.81864940172119,-21.985373750495675,-9.853957508636809,40.60561380094374
2001-09-07,-29.429212931680677,-20.81528937319554,-11.153134741525108,39.08740381657754
2001-09-08,-29.6296502387513,-19.988143339478672,-11.526112267517837,39.269404529146726
2001-09-09,-28.73299285628284,-18.778223120770758,-10.831096034687684,40.49655009061038
2001-09-10,-27.199012631316872,-17.793500542325823,-10.676107970707351,40.0386618508105
2001-09-11,-26.973746827084486,-18.906409593914034,-10.446380033883626,40.760756684427655
2001-09-12,-27.22821656144109,-20.572485297908308,-10.010760572688872,39.664711134730524
2001-09-13,-26.499595799338604,-21.298727983891112,-9.152500301914424,39.633598127822204
2001-09-14,-27.781321058908627,-20.260150823002164,-9.951970631578908,39.07219850731714
2001-09-15,-27.872355330832555,-20.20898139414254,-10.05321191217548,37.908688822875256
2001-09-16,-28.1178843204199,-22.699965823166092,-10.38734207627041,38.743028776016324
2001-09-17,-27.759938197253295,-21.271528766357797,-9.860628287503994,37.81344975952643
2001-09-18,-28.95456477926889,-20.640904773482767,-10.418220052950986,38.71857286359804
2001-09-19,-27.83804567615258,-19.51652632566339,-11.745667963719395,39.63794138327936
2001-09-20,-26.998217325756134,-19.933728863994624,-12.184080269837484,38.267933154200726
2001-09-21,-26.934392411396452,-19.428053833656914,-12.538162558749502,37.924602550105426
2001-09-22,-27.37461170934351,-20.720538750452516,-13.34726370638671,38.539087146028564
2001-09-23,-28.06777537773554,-19.293618932536106,-13.532268432362311,37.5342190542228
2001-09-24,-26.153766020999626,-21.94968528551871,-13.290490095064383,37.6453797064729
2001-09-25,-26.503738109814243,-22.791814499115542,-11.734063225892886,38.67204476037016
2001-09-26,-25.530390594796604,-22.287322562854516,-11.262360052220066,38.54194415430437
2001-09-27,-25.575528887890822,-22.35062989942585,-11.170930482030602,39.509193523237435
2001-09-28,-25.50109685221938,-22.167648303472166,-10.40202774824107,39.875037623118914
2001-09-29,-24.940902729565767,-21.81659129526916,-10.92756720524255,37.79298434288392
2001-09-30,-25.74041740081219,-21.79818289610389,-11.350321881940527,37.124132146997795
2001-10-01,-27.84932560814392,-22.31175889170833,-11.991495757662426,36.75640837950309
2001-10-02,-27.37299746585594,-21.73878986723645,-12.542673774984172,36.783763960285754
2001-10-03,-26.331971587816643,-20.339000680398666,-11.586435914168742,37.697818678534915
2001-10-04,-26.22807709613117,-20.453470010734122,-11.943831504405084,36.23063171458361
2001-10-05,-27.501790911289213,-20.9173389804271,-11.73564289959523,36.84534977635326
2001-10-06,-26.977670228158477,-19.568530649050494,-9.412366809753987,38.67128208362103
2001-10-07,-27.4518702484092,-19.49433016645148,-8.282263046093519,39.35711389469148
2001-10-08,-28.236743413185213,-18.410708403433464,-10.278831074664518,38.77682149943024
2001-10-09,-28.76896800703331,-20.677925889146135,-9.896804119171627,41.0594382868139
2001-10-10,-27.09337352138504,-22.04705968823971,-7.57802998366371,40.14160542452478
2001-10-11,-26.19623697267057,-23.113245913002537,-8.206594833724933,38.941978823918944
2001-10-12,-25.266048386645714,-22.902035228783966,-8.801298972070121,39.53620838727581
2001-10-13,-24.92877615231335,-20.689652766833152,-7.6814234498981175,38.518821247429194
2001-10-14,-26.04698102696509,-19.39134117429989,-7.564361820047161,38.143490979158315
2001-10-15,-25.02239964333853,-20.891135436442738,-9.233054022596285,37.25446275074162
2001-10-16,-22.807280271148677,-19.473587818012994,-9.87982632803321,37.674252959968214
2001-10-17,-23.645325060589833,-20.508263264629203,-9.216539860728282,37.389878692470404
2001-10-18,-22.867494038691145,-21.35319050595405,-7.579726936555224,37.65443943416573
2001-10-19,-21.79681131956153,-22.271582573190006,-7.716300942332695,39.19734924547548
2001-10-20,-21.30394716921216,-22.862179523782046,-8.809925056490652,37.60286639361693
2001-10-21,-21.77934519214221,-22.617301124592714,-9.258846979002412,36.144556443322365
2001-10-22,-22.404377237187237,-22.967789937282884,-9.247556387283842,36.56009367975708
2001-10-23,-21.993408160491537,-22.411220692031105,-7.4475631431323865,35.193745597090086
2001-10-24,-22.415687009987483,-22.768832860466706,-5.617764944770705,35.35754812293377
2001-10-25,-21.4383710479872,-23.526200925070135,-4.602844472575346,35.900274837877426
2001-10-26,-22.01664621234127,-25.092558731280093,-3.7844044337247844,35.280046184152454
2001-10-27,-22.155634390626908,-25.08837781098457,-4.651100472826401,34.667919456624155
2001-10-28,-23.29636465198994,-25.203009466026824,-4.428405916978315,34.30458991189594
2001-10-29,-23.80546206655243,-24.685801883685436,-6.251917849562865,33.58432288652491
2001-10-30,-23.974018089578813,-24.90000460375504,-7.281154717712055,32.56443914901097
2001-10-31,-24.719545761718717,-24.094404836621912,-8.253779227316286,33.09363877617886
2001-11-01,-25.056282116444983,-24.64133400304746,-8.009348191680967,33.65361496403079
2001-11-02,-25.206648212413963,-25.297312917954105,-10.098136341418034,35.81843469972801
2001-11-03,-25.201886856660508,-27.484304930412232,-9.549287838985325,35.69713699633292
2001-11-04,-24.60042387263688,-27.892589384512387,-9.19961895434251,33.99552541875601
2001-11-05,-26.651888327806127,-27.663963292430452,-9.041434660710856,32.49299362245629
2001-11-06,-26.289164745337466,-27.88116835128532,-8.673540631679884,32.244203066098386
2001-11-07,-27.006851339454393,-26.45205316731145,-7.975767736954713,31.21992601227536
2001-11-08,-25.978297091926727,-27.146130539173626,-9.692028373458598,30.111666814515026
2001-11-09,-26.325387559624883,-26.98810035452828,-9.511699767993385,31.190528207863448
2001-11-10,-26.245257170765218,-26.76050790689421,-7.337469618978641,32.22836654060233
2001-11-11,-26.394313642838675,-26.732395428555947,-6.924422898689984,31.150960440425617
2001-11-12,-27.14939726255432,-27.43052665842895,-7.231965025699833,30.780436533213933
2001-11-13,-26.50808499282698,-27.185092879573713,-5.382437068744202,30.52733739893013
2001-11-14,-27.34840495146753,-27.898554793696377,-4.816828128947966,29.514924971713214
2001-11-15,-27.079101881557303,-28.156105487685984,-5.400884589709344,31.02919657557799
2001-11-16,-24.878778458682255,-28.698676795239354,-5.155270648518499,31.62073182068219
2001-11-17,-23.287652226875682,-27.97877628479954,-5.781498624628899,30.699896814295297
2001-11-18,-23.351189141642894,-27.916734490362867,-6.160793238012992,29.38419482986685
2001-11-19,-24.58321075998648,-26.95070666161219,-4.624862338016836,29.756211227713624
2001-11-20,-25.580344212264393,-26.550335168638913,-5.733395292951052,29.773638066478078
2001-11-21,-24.96710361999787,-27.867671279743345,-6.668117831286697,30.643597717134618
2001-11-22,-24.624958650680913,-28.881676053961662,-4.681493251632165,29.798462729861022
2001-11-23,-24.544312656813474,-28.137224357926467,-4.342572060325758,30.22504942311697
2001-11-24,-22.34494031116774,-27.168714886503505,-3.870150904774333,30.52188260801615
2001-11-25,-23.32097153723898,-25.342366305261287,-3.032610625524694,27.752005704569143
2001-11-26,-24.92621565709041,-25.096270950083145,-3.956294635614392,27.80880648594648
2001-11-27,-26.079436335284853,-24.614837482282798,-2.2487450252415684,27.794871340367038
2001-11-28,-25.747376990436802,-25.79407150931035,-1.7943312201652921,28.807686455020054
2001-11-29,-24.809007387249657,-25.85171680312958,0.1807767627076331,28.06649667529198
2001-11-30,-24.54468194545702,-24.674664126710848,-0.7739312590710785,26.199394298670462
2001-12-01,-24.31000652876443,-25.39611781691668,-1.1597180396225661,25.865936380162164
2001-12-02,-24.01757021411289,-23.871655308034438,-0.5656382493791902,26.711791422595887
2001-12-03,-25.086649826094817,-24.420612926272387,1.4644706260900593,25.96833023605529
2001-12-04,-24.78820110017821,-23.396856019868093,2.0142243518699505,26.340819140605316
2001-12-05,-25.44710607963022,-21.210368941523463,2.356832684223488,27.669285349407758
2001-12-06,-26.431999726472686,-22.192200927689424,2.7952513305488305,27.788607675685135
2001-12-07,-26.46121537452345,-22.158416790991442,3.212530834524404,28.72576595727371
2001-12-08,-25.515346203402153,-22.251862276345744,3.119471597611778,28.96553374284183
2001-12-09,-25.74520289762582,-20.74614127733966,4.154675164491379,28.770710398233977
2001-12-10,-26.3671377290291,-23.334608246036844,5.2414745694173694,30.369486029669957
2001-12-11,-25.968673594049818,-21.402013403036033,4.579535840566514,30.100185061763796
2001-12-12,-25.16620351348203,-21.830633277808257,4.399468195459434,28.906664700198945
2001-12-13,-23.388792779012103,-22.504584161966722,2.627149559767426,29.747710760088363
2001-12-14,-22.66255389675214,-22.33125952912916,3.2887662841379792,31.59700159922505
2001-12-15,-23.546683348600553,-21.693774916704413,4.2295020825134095,31.20945934505125
2001-12-16,-23.591212833973472,-20.924917137152832,2.1162700938277577,32.12384318560185
2001-12-17,-24.4263048350398,-20.188837289398492,1.9103159824647022,33.42341886933162
2001-12-18,-24.488980658133233,-19.616896714828982,1.0627418307631766,32.26579140851524
2001-12-19,-23.31127470919894,-18.858646061736113,1.3960977241610988,31.786725678018197
2001-12-20,-24.42826353804614,-17.55828825479867,2.369734746656545,31.591121138633714
2001-12-21,-24.219928858341962,-17.511102968523154,2.583885242689337,31.83009153940144
2001-12-22,-26.152962994513867,-14.952210498499058,2.169703024132396,31.34024435863076
2001-12-23,-26.621932785876766,-16.549557231644727,2.3722697726783006,31.503267365679825
2001-12-24,-25.469881282828208,-16.717359503513382,2.4830547043957245,30.66052704249348
2001-12-25,-26.55512569322104,-14.930823291974452,3.1680835467729,30.846894268886633
2001-12-26,-26.983703004457993,-16.124193730929886,3.3316698244825984,31.0315787877355
2001-12-27,-24.94687894445778,-14.769854377072559,3.7256270350205627,31.404177145086003
2001-12-28,-25.275712826066684,-15.371263252417508,4.144297089525719,32.399604938065025
2001-12-29,-26.503190749414145,-15.048276934794286,3.639561208875307,34.00148934311931
2001-12-30,-25.579172104215655,-14.442992529367226,4.42604992119538,34.53059109238129
2001-12-31,-26.162802579414546,-14.787983144900698,3.5320879869963724,36.05482937491833
2002-01-01,-25.89430157033534,-11.986268393116468,3.9914634474535613,34.572029116823586
2002-01-02,-27.25899346418189,-11.76230853635092,5.346486049730663,34.79559067185766
2002-01-03,-27.22461939906568,-11.35806095648693,4.227586220324769,33.676826309301056
2002-01-04,-26.912025162966135,-11.507578900429747,4.8317019432800805,35.14561692798268
2002-01-05,-27.2744815360021,-10.009362215976823,4.475784595534019,36.49377681403733
2002-01-06,-27.955055642511674,-9.2731771829954,4.3453092422160795,36.14782129810877
2002-01-07,-27.12110044740619,-9.952458324072852,3.4825681105531903,35.81777686503182
2002-01-08,-25.68774187126968,-9.77874504003277,1.0945127102685044,35.96382159179065
2002-01-09,-24.727990846025808,-9.420238509860125,1.052148982459896,35.759566649546684
2002-01-10,-24.95990628802714,-10.220918527751687,0.6181068643752955,36.72364808324607
2002-01-11,-25.445909052007142,-9.168423428313153,0.11816393393349883,36.29518352646106
2002-01-12,-23.819475957849267,-8.637239049946858,0.19604101626328033,35.36199970848932
2002-01-13,-22.342353251951828,-9.04944185568224,0.7848624212384072,35.30887801433924
2002-01-14,-22.33481770524655,-9.742624095557847,2.1009673713501806,35.234178817365326
2002-01-15,-20.753035148421016,-8.755147729515562,0.8693567373660678,35.73610163768914
2002-01-16,-21.095701453770822,-8.523429540681347,0.18675936015890182,34.25589835372072
2002-01-17,-20.000201545940268,-7.366203812600528,0.4275835728887416,34.60011561010915
2002-01-18,-21.101839849398324,-6.347408809682013,0.12881915185611476,34.870622896747044
2002-01-19,-20.52576072761661,-5.738608539280936,-1.1132267732505403,33.89282223854089
2002-01-20,-19.80668390189822,-7.079385725881918,-1.322514794168336,33.275476455704315
2002-01-21,-20.549450901710955,-7.714274213872209,-2.203240816671355,33.18194537588007
2002-01-22,-19.01174316403269,-8.243231561296756,-2.2137460449189486,34.115449594959664
2002-01-23,-19.462399566765892,-7.801814763486774,-2.7596202818182753,34.40181908687923
2002-01-24,-18.137057088132853,-8.839526109357857,-4.596203354471728,34.93564933260278
2002-01-25,-17.56344667805298,-7.091738791100386,-4.782028768457908,35.403901265667564
2002-01-26,-18.179035744869907,-8.215178139875471,-4.647297848074485,36.590423255288165
2002-01-27,-18.080582998476643,-9.499982678748802,-4.108553609412687,37.08631191297314
2002-01-28,-18.43458976098745,-10.111029044853755,-5.148649850173825,37.791102449186944
2002-01-29,-18.8665383812473,-10.661539632064732,-4.863492229729559,38.60162698329906
2002-01-30,-18.203730330962426,-11.194774254197037,-4.445079798787904,39.16571089425986
2002-01-31,-19.24770508848027,-11.348858326936975,-4.667816778934379,39.14833273197179
2002-02-01,-20.34539949311188,-12.90996872968043,-4.5123412661882405,38.04895664930201
2002-02-02,-19.60798342817815,-13.004798491653064,-5.422091214737181,38.16118208048873
2002-02-03,-21.144058676857103,-12.733123855730376,-5.1841256685239605,37.39403399494611
2002-02-04,-21.51929559348014,-13.656502815429912,-5.428219925721695,37.054376604324695
2002-02-05,-20.764166777650757,-11.815753799431677,-5.012143475623145,37.67437471289136
2002-02-06,-19.521141777488577,-10.719582968519646,-3.3464840478179525,38.406062121508015
2002-02-07,-18.58216952758529,-9.778831735847113,-2.399193747686286,38.17385270681942
2002-02-08,-17.571214322801115,-9.239223233923555,-3.0342204414216147,37.85450785751166
2002-02-09,-17.850662468863298,-10.54020336575377,-4.055427569164857,39.00117018571348
2002-02-10,-19.171474021321746,-10.760017383120736,-3.2538571952053994,37.652024333531145
2002-02-11,-18.51135623629815,-12.079655708704989,-2.854755808364887,37.720755711943596
2002-02-12,-19.703183300803683,-10.474931160003292,-4.278273360958722,38.84959162365451
2002-02-13,-20.20716258001098,-10.421115688752867,-4.50807187644496,38.00873644326164
2002-02-14,-20.22690643108837,-11.973254348747027,-4.837112630716488,37.1317203117327
2002-02-15,-21.139916440599126,-11.441674359469069,-3.981217360104826,35.34521809395393
2002-02-16,-20.769803797251978,-10.536066101595377,-3.576408518973143,36.46723947011146
2002-02-17,-23.584589535023532,-11.721207457391786,-2.316394439553326,36.3527388742847
2002-02-18,-22.037602029889456,-10.324866336313516,-2.795647085018335,35.060435726937605
2002-02-19,-20.920336718908327,-10.21254990259045,-1.6590741231990092,35.44365124985759
2002-02-20,-23.09857985372474,-11.345587994379212,-1.1758886188691104,36.8086524788589
2002-02-21,-22.74488296283529,-13.302382764146696,-0.38287094873659167,37.82126944235394
2002-02-22,-22.046510465070348,-13.154344524282067,1.4891169623849723,38.85104581453031
2002-02-23,-22.481184361171177,-13.995319984020897,0.7519725511063208,37.15355542810842
2002-02-24,-19.937852289762308,-14.312234375773937,1.9407154847837091,36.361296911460215
2002-02-25,-19.46330114526883,-13.820255785617677,1.4939934883798283,37.43859040700525
2002-02-26,-18.26180382965547,-12.994256850894187,1.9225541842154377,36.463175176524146
2002-02-27,-17.32388435920727,-12.43859152356857,1.1112982229075712,35.6497975488724
2002-02-28,-16.90459831313908,-11.35616770869866,1.039410972372232,36.02987026042951
2002-03-01,-17.242722392831286,-10.62204306782253,1.332616458925766,35.72484938820643
2002-03-02,-18.336056593869806,-12.112026369739539,1.5750344541229073,34.59959874418313
2002-03-03,-17.372124628729996,-12.181843977795229,2.5459338100867823,34.272243798306825
2002-03-04,-16.34687871975882,-12.470213770746986,2.3207220515041844,34.324594772379136
2002-03-05,-15.4435311392777,-13.60481789621089,2.687366150509208,37.0567634549552
2002-03-06,-14.511928641723431,-15.243489726833968,2.4207919444014627,37.35801048559257
2002-03-07,-13.519711203895627,-14.90508482113534,1.9125969149961848,35.52463979199707
2002-03-08,-14.447418952907805,-15.430655242629431,1.3777360261516804,36.250942470331736
2002-03-09,-14.404162583880808,-17.026975502420928,1.7770882531498156,35.94238773244184
2002-03-10,-14.381831142567782,-17.807754954818616,1.0078331324144008,37.336907923957426
2002-03-11,-13.619804553329335,-16.370881962926262,1.3293663366333763,37.42861059312746
2002-03-12,-14.160720254261978,-15.374091531067545,0.9846973868071657,38.0841915737859
2002-03-13,-13.121999514771362,-14.971220796829229,2.230500330035997,37.53082544987127
2002-03-14,-13.482899119262301,-17.452131830303777,3.4275264997800594,38.06726009538778
2002-03-15,-14.064933242281995,-17.68821207410242,2.7593459655885137,37.94104639359183
2002-03-16,-14.197468748308184,-18.3208987561245,2.265573944449888,38.31341503762359
2002-03-17,-13.794219300951069,-19.4353711398585,4.511173977977472,37.60256266338873
2002-03-18,-12.444647018504664,-19.44203473847882,3.6545910782016704,38.40997213476605
2002-03-19,-12.517306425328195,-20.751225174995827,2.675455798656773,37.07433753658573
2002-03-20,-13.895448687296657,-21.35833913101894,0.7730341291435225,35.383029752678866
2002-03-21,-14.271912901764315,-22.50377402513381,1.3767403003926075,35.829794384545124
2002-03-22,-14.438339287764746,-21.34010394920347,-0.4711532097509967,35.974263409406944
2002-03-23,-13.918962123330918,-20.76972333352877,-0.31421092593565986,36.74896796419112
2002-03-24,-13.55936060700684,-22.22763642912497,0.7380138871998485,35.901974419943485
2002-03-25,-13.101308835235143,-23.149369640222332,0.3587847458485014,35.17134274234801
2002-03-26,-12.364622779456942,-24.30824592145811,-1.8216860530579215,32.92873383293353
2002-03-27,-12.953687569198815,-25.00523217735312,-2.601150627548937,32.51351895910468
2002-03-28,-11.614286662322693,-25.784275291650367,-2.271589679846965,31.17581576837137
2002-03-29,-10.253441519930394,-26.600527202985205,-1.7456707921862986,30.353609651714557
2002-03-30,-9.618453470583214,-27.848325310438533,-1.8946492569405038,29.02351173356158
2002-03-31,-10.713061513754177,-27.94910740642961,-2.429498397917746,29.023113424381553
2002-04-01,-7.386173293641384,-28.293807646306767,-2.598106094272442,29.288566648074084
2002-04-02,-6.986269329096476,-27.668426320245672,-3.594351219333509,28.699005142514082
2002-04-03,-7.211389460052411,-26.777353363139486,-3.8652597535751654,29.25550002699681
2002-04-04,-6.423570404774177,-27.435187202458266,-3.7960677022839384,28.197502319298117
2002-04-05,-5.131496995805168,-27.12400957917689,-3.280695917185366,28.844252428663854
2002-04-06,-4.525103969555334,-27.074878371223225,-3.1821671763713146,27.951707502103414
2002-04-07,-2.1036080645072537,-26.80385775779135,-2.0680204199214476,28.95702174853346
2002-04-08,-1.4824304652006781,-25.84989408013933,-1.9102437099120841,27.652828530916754
2002-04-09,-0.2788331307202263,-24.887617021099068,0.4572854041414245,26.32315194345036
2002-04-10,1.0070307898801574,-25.246433115467916,-0.622185408175413,28.313131166307688
2002-04-11,1.3275263817669152,-26.68527637872424,0.11021432601573333,28.464204171479977
2002-04-12,1.0735920990957015,-26.05542032880621,0.3477084982542953,29.08965178328262
2002-04-13,-0.4439719425069697,-26.590285577269007,0.7166471721739889,29.267657227865406
2002-04-14,1.861322061210707,-27.56351904087005,-0.3358489114340082,30.7517577474176
2002-04-15,0.7298646821476789,-28.44785297713771,0.5899341168802665,31.823269528603845
2002-04-16,1.690788741130659,-27.23976675687753,-0.015377376891350658,32.38219227496743
2002-04-17,0.45942905848765037,-28.60671343078059,0.23235220673219736,33.424355257735954
2002-04-18,0.9087228572823123,-28.555971496770134,1.144263002358051,33.63184012289074
2002-04-19,0.3494965746358407,-30.411053444833133,1.3393874647754087,33.639055709633475
2002-04-20,0.9190302414177223,-31.318710935323473,0.16808305144032687,34.1202011715939
2002-04-21,0.9990161846142179,-31.251204491879562,1.9215307883079105,34.7434374698783
2002-04-22,1.5369434574774532,-30.639636559985124,0.11868691702720557,34.94567213987191
2002-04-23,0.3978918630157724,-30.33844165822915,0.001477109512609917,34.368352124637184
2002-04-24,0.814243041069393,-31.72776101744765,0.07416367798432756,35.812771437900615
2002-04-25,1.034501306153785,-32.118955082143685,1.7452494769393736,35.180379113637755
2002-04-26,2.0713180556794324,-32.16437673380049,3.0732761371499273,34.730864070009595
2002-04-27,3.1828465335764093,-31.086294426779535,4.084835702606776,35.09401322727695
2002-04-28,1.6861751563482705,-30.929796099101843,4.6655278047369455,34.80702342020806
2002-04-29,1.2917597736093924,-32.49317643649125,5.607757896894126,35.64627345000617
2002-04-30,0.807854598307065,-33.06590771189044,5.179246925037518,33.8216189051202
2002-05-01,1.1372095119415673,-32.31599001059817,5.448948110441348,33.353012766797754
2002-05-02,1.9035252102750815,-33.11188098334922,5.234316063748018,32.03168764856121
2002-05-03,1.949595707444474,-32.6577741862588,4.237337762553805,31.780993367338187
2002-05-04,3.145066800529971,-34.685791545968286,3.884332264447693,30.710945976346355
2002-05-05,2.181649302311355,-34.59027722403638,6.1440817896982605,31.580953996704014
2002-05-06,1.3359384216326187,-35.40337239314082,5.514772905811746,32.88673824662559
2002-05-07,1.754564940318772,-35.533519338333974,6.031609389752942,34.15307776852024
2002-05-08,3.45699167307042,-36.76865836765549,7.237198218481344,35.0212600499176
2002-05-09,3.9890691980308177,-37.140874638320426,7.790362246612006,34.62423073038023
2002-05-10,5.968239441678408,-37.32878759902948,9.178918628194948,35.1343867196487
2002-05-11,5.703316993625091,-37.836744060822745,9.869075683645784,34.83123885194178
2002-05-12,7.943535440975534,-37.95337483351234,10.851060621988811,33.80125601278671
2002-05-13,8.43518189677548,-37.36141990375348,11.047862509895866,33.86841118180684
2002-05-14,8.219025625702239,-37.838791930145774,10.627342308508165,34.92530897990487
2002-05-15,9.2401965681531,-37.38089446946698,10.999812670700333,34.675008232631875
2002-05-16,9.067405179270004,-38.16996902031649,11.854115876769423,35.87775068169359
2002-05-17,9.705360809586262,-35.88830526934067,13.226116098001437,35.16360558373047
2002-05-18,9.7130251582618,-35.41709641832733,11.890608068758514,36.665282818947794
2002-05-19,8.664196813786504,-34.36329260467615,13.677767922149403,36.08468756654427
2002-05-20,8.574156454772714,-33.519621865849636,12.304141466412082,36.09575527174413
2002-05-21,9.511945963241361,-34.23647982051085,12.078798109070306,36.5479612270157
2002-05-22,9.188612858711096,-33.48290264446868,12.852729047100974,36.64887007793314
2002-05-23,9.492094343331665,-31.396199716945965,12.408444354090802,36.69503627041636
2002-05-24,10.60284198607685,-30.222462598977984,11.069556772088838,36.69361415547808
2002-05-25,9.286612379470078,-29.89199477755147,11.565781348457136,36.59903871547956
2002-05-26,9.063100622506633,-30.75141663325317,9.951513585838729,36.86610535664917
2002-05-27,10.532955873481024,-28.860941537333833,8.927142162188302,36.863786486642866
2002-05-28,9.549175720273162,-29.797466471893138,8.922062942464754,34.41937024682631
2002-05-29,8.30342829888153,-31.323710303471852,7.569606591228937,33.56587306964403
2002-05-30,8.481618353416957,-31.797572530537373,8.381318554570058,34.059956901112145
2002-05-31,7.860722555412723,-32.37425371434012,8.772178713563491,34.79114387609778
2002-06-01,7.83650720647381,-32.76093258958582,8.809364339681855,33.89074038393793
2002-06-02,8.16622562976622,-32.48283885447389,9.592020823184551,33.99616598583101
2002-06-03,7.535177254944316,-32.07249988480642,8.640611747563348,33.10992037040633
2002-06-04,7.174692304857065,-32.41566209023324,8.68896689012738,31.608422186021414
2002-06-05,7.938726967220369,-32.78022067737198,7.675728083571689,31.66550837110187
2002-06-06,8.818382830324662,-33.53254892433334,6.2709304072031955,30.882378641378505
2002-06-07,9.077764101975689,-31.87398984966697,7.0650873335565585,30.33780427512473
2002-06-08,9.37619006757561,-32.13506490676712,6.542957179423739,30.9900871566927
2002-06-09,9.749499805127044,-32.0106748961705,5.823164175819436,29.952261534194555
2002-06-10,10.33508528996543,-33.662634841040386,6.9217967937361395,30.358718764417276
2002-06-11,9.94484541478042,-31.951359106121515,6.664412334658541,31.40175846458227
2002-06-12,10.09391106355788,-32.91169430456969,7.729147716289628,31.376205877891646
2002-06-13,9.172755926573426,-32.42590337772479,8.067128905469435,31.091218944392157
2002-06-14,9.91006030339569,-32.31624099974316,8.221313670412995,31.059750501119414
2002-06-15,10.211254889082339,-31.055252139348433,6.467866754895482,32.5169646429693
2002-06-16,9.048483339999972,-31.194822173431746,7.1065376614171045,32.97042171331389
2002-06-17,9.66629532386467,-32.44101533136166,5.901014060193634,31.36189654741975
2002-06-18,10.578330881038632,-32.06375572699232,5.832791554916597,31.73572898902503
2002-06-19,11.85475079809681,-31.017208052505595,6.833885315744707,33.47018741154027
2002-06-20,12.444084119651126,-32.241500235135604,5.852467435189772,33.08371897490778
2002-06-21,15.901890239463874,-31.274589891681895,5.5026293393745735,31.22320112764917
2002-06-22,14.32606689142186,-30.067811787310674,4.97912372846957,31.346950637949767
2002-06-23,12.606959699183136,-29.24742384062771,5.905721885131266,32.08437306731625
2002-06-24,12.97536991554723,-28.40890440172063,5.034907004571683,33.27268026644345
2002-06-25,12.62370566052196,-27.392087448872918,5.184839702395671,33.987696509628265
2002-06-26,14.053066687770407,-28.197902883548117,5.317390022311872,33.42428053554329
2002-06-27,13.350233124683955,-27.521068900444547,6.3074823028865445,33.88164439950512
2002-06-28,12.835541680387042,-27.720137251716853,6.58595036683175,33.37112723638584
2002-06-29,14.251342830307227,-26.565602635564105,6.96849322236938,33.246114783990414
2002-06-30,14.711076460002662,-25.157331331072022,6.843321067871325,31.780074649503554
2002-07-01,15.75264118910237,-24.519239917173785,6.902514832241968,29.468999556070276
2002-07-02,15.71258241992058,-24.629028753421807,6.108980104943114,30.169247933139214
2002-07-03,16.409620602057018,-24.244126413143405,5.830968107594984,29.09397484510494
2002-07-04,17.36206296195761,-25.931837225789,6.155759181941034,28.08532751680847
2002-07-05,17.428004346155348,-25.23935858387332,6.783019685986659,28.40890635761062
2002-07-06,17.006471079255824,-25.028618028885656,6.7127619333319615,28.8346698705773
2002-07-07,16.817660331336718,-24.67704671582965,5.178187351210827,28.379504193334423
2002-07-08,16.92058707891669,-24.3419215538726,5.105035325617118,28.264312071754265
2002-07-09,18.611989489947458,-24.8783527004982,3.0193771040933646,28.647526664805117
2002-07-10,19.41350190872999,-25.625672246847795,2.405002867240498,27.777585066831474
2002-07-11,19.746825414576442,-24.06615674338066,2.8026228555706263,29.772692585405437
2002-07-12,20.469616388867138,-23.642128029617137,3.2548501412475725,30.3158510143263
2002-07-13,22.06744009858755,-23.971544186630087,3.9770334154435982,29.98479610311263
2002-07-14,21.255986784657342,-23.873053101010985,5.036308555394204,29.469679497856987
2002-07-15,22.407597539194615,-23.888099675142684,3.748446544036276,29.74983263553856
2002-07-16,20.93566679572487,-24.175365307633932,3.713366255306968,30.956171568255723
2002-07-17,21.810910247450867,-24.70340959987263,5.167179160163896,31.963594908401948
2002-07-18,21.571764526634862,-23.216774183830797,3.1182999437906354,31.494306363643794
2002-07-19,21.316191919502945,-24.02606558901698,2.684388320888877,30.94770275212245
2002-07-20,19.725017569764624,-24.899981981136985,2.8661049267702263,31.218194957115205
2002-07-21,20.13749055615027,-24.720029933918827,4.471197817163791,31.25765418838537
2002-07-22,18.8917983543071,-26.075380781599605,3.9385232924935436,31.119446364524368
2002-07-23,19.329423891286353,-27.149500580605363,4.950042129075224,29.921508340261248
2002-07-24,19.832130491416876,-27.21946033030527,5.268319814410673,30.919185086724546
2002-07-25,21.168240306654106,-27.314711053584393,6.94431848962702,32.96594368615508
2002-07-26,22.643576019686446,-26.156213402581262,8.677153308834892,32.48350960915973
2002-07-27,22.52624929178852,-27.66284073888814,7.890715706045215,32.38507831097017
2002-07-28,24.252408886495857,-28.52764256120928,10.837975252368283,33.04470767598879
2002-07-29,26.496482103930262,-27.717436779561943,10.870345016794625,33.6929335013205
2002-07-30,26.74034744601718,-28.422021207142258,12.344202733858324,33.74484140634246
2002-07-31,25.425077893143378,-26.338609678866245,10.346711058056629,33.02242551928703
2002-08-01,26.187100870166937,-25.391758022050492,10.01368960392264,32.23869573870912
2002-08-02,24.694661405261986,-25.031386985202616,9.281182038752121,32.452010355899574
2002-08-03,24.982398954086722,-22.913720889515034,9.051247901625091,32.33442998683092
2002-08-04,26.33703010700662,-22.267521450338236,9.852785661771332,32.86677957474
2002-08-05,25.791900219995593,-22.56954856277696,9.82409330885828,33.19815537963546
2002-08-06,25.585683341118255,-23.110866027263093,10.911530289448674,33.07590286168493
2002-08-07,24.586253196266174,-23.63612062292578,13.75402234646278,31.967129984686327
2002-08-08,25.06605724525786,-24.003743910767803,14.718181626750605,31.53246449282407
2002-08-09,26.109038514458135,-22.889745450909796,14.312108572650217,33.23964267273959
2002-08-10,27.034068044170528,-21.821890535689125,15.942729780981146,34.569738424953385
2002-08-11,28.88833288971186,-23.169499416212712,15.161504822052594,34.82046929698273
2002-08-12,28.42398046767396,-22.758697013103394,14.130684271705643,34.315696782647066
2002-08-13,28.914970660915795,-23.587225149907912,13.758684791851772,35.89592078151634
2002-08-14,29.944979077249734,-24.497962572705624,14.862426515462554,36.63697039053049
2002-08-15,30.41431972697263,-24.34999379135697,15.774304882702259,36.59336001548225
2002-08-16,31.158407457932572,-25.239050502868402,16.091982999917146,35.012560241479555
2002-08-17,30.428221465025853,-25.509510515623635,13.97426391427814,35.08373974612511
2002-08-18,30.763362144675042,-25.001256398855684,13.581466298208259,33.763006359364404
2002-08-19,28.589920602371635,-26.058110258342097,14.98232871205389,34.59130844829265
2002-08-20,29.221652306791885,-26.54923874308371,14.16916268395151,33.719319673835145
2002-08-21,29.42619612449916,-27.21524106844335,14.557334379502946,34.42311334145701
2002-08-22,29.974008438754325,-28.439636521034643,15.48484736136868,35.53710074232537
2002-08-23,29.208422372004442,-29.625901894072175,16.17589872533746,36.48197333809251
2002-08-24,30.227226375921347,-30.54506463467612,16.202894562330957,34.87476054934296
2002-08-25,30.4837178727197,-31.773239996852084,16.304683679374634,33.65086861082768
2002-08-26,32.33120715580933,-33.14783743898078,15.120686290721371,35.4255957507632
2002-08-27,32.34171045864105,-33.29267568823181,12.243549017081563,35.433299912228534
2002-08-28,32.622729934233604,-33.05821328663895,13.745827631505732,35.92678329728293
2002-08-29,32.187826354455616,-34.447696922147394,12.57980133595271,35.269539285693085
2002-08-30,32.46395719597864,-34.76789885716991,11.943436329144877,36.01076565089945
2002-08-31,33.4195223611888,-34.714889439482114,11.509720829078482,36.288467930331834
2002-09-01,35.49303966899193,-34.9260582491615,11.577439616700465,35.91052438570267
2002-09-02,37.07421742651519,-34.71633454824129,10.561530253657969,36.744999559187235
2002-09-03,36.98243328206184,-35.25565137488994,10.419881545332993,35.109031519072474
2002-09-04,37.1759764923258,-35.506473217924366,10.431505945189356,34.01890167551358
2002-09-05,37.68900852790039,-35.54833414538965,11.61952195478771,34.69037607625552
2002-09-06,39.01199267310696,-34.45284897432308,12.041678103832892,34.38645034375467
2002-09-07,40.60062105642468,-34.706584641730856,13.435108790121603,33.1713251739197
2002-09-08,42.641863759373635,-36.688588365796825,15.983864496296459,34.13810271119171
2002-09-09,39.67783041687555,-35.98594890945378,14.374700216615725,33.15772436369868
2002-09-10,40.768684365200926,-36.332942253749685,14.010456505330211,33.46644001703789
2002-09-11,41.32576107125238,-36.44097404013552,14.38424259758998,33.51291587169123
2002-09-12,41.718158562150435,-37.166292991380224,13.364670019613902,33.703330771137594
2002-09-13,42.06987096371016,-36.9941307184506,13.842363403382011,34.288949240347556
2002-09-14,42.34712689831153,-37.92456854224286,14.022474613150008,34.295898571689385
2002-09-15,42.40289082489395,-36.8991520475935,14.380197358538918,35.48699109817567
2002-09-16,42.13217846028495,-37.18657583038292,13.435096182913252,35.420626375878165
2002-09-17,42.38615426243457,-33.65065639994178,11.657816692513766,34.24519594278744
2002-09-18,43.32496827645783,-32.77872815081322,10.726656964972026,33.01667401347906
2002-09-19,42.54689419756481,-31.79312765867192,11.081265387022079,33.750180366908026
2002-09-20,42.90612352434625,-30.959556913061807,10.465635605341848,33.211769101089416
2002-09-21,43.89114301873451,-32.432722702407965,10.52105166261181,31.46187656247843
2002-09-22,42.666034896499106,-32.11650462846741,10.262825781453738,30.966263490493667
2002-09-23,42.419683487078025,-30.495970587338658,9.702342403032826,29.301229840019822
2002-09-24,42.56044595708171,-31.485776522666484,11.004197960217695,29.461034402577848
2002-09-25,42.838168269062315,-31.101448372364274,12.04291074793449,31.132520118204138
2002-09-26,43.10405344846124,-31.14856848748889,9.814510733028396,32.80505814688969
